ConfigTransfer,fa113db0d8da9557305bc223b5058f1159f5265e13ee6f3d3f241ce6dea211cf
ConfigContentTransfer,90d55471965eb3de22fb9cc4b74b80b8435d9d96281617729c900e44cd828613
DefinitionTransfer,2f3aee2d9280769303b79b3188a48409b9c515e61e7318408239c12e2a18bbb4
DefinitionContentTransfer,f9091ac813bf472677ee58d39fcced7c192ac19300059e9788fd79b8e3f93077
DefinitionPropertyTransfer,df7f49080dcca259103f571b2c656c416aec7616769c54ed024980349762e7ac
DefinitionAttributeTransfer,dd8933e2d0cb072b0fed8e8a25a333f4f0a0d0915ed873864ca1879651beb089
DefinitionBuiltInTypeTransfer,e39bce896d4c7087e0b5b83f5fe8899413c313b855b94dd287bdc101b960cafd
DefinitionEmbeddedTypeTransfer,7c77e18e2db40b7fec2113771872ebd56b299dbd2976358af857e0ed1cd7d5f7
DefinitionNamespaceTransfer,4169380f244fb5fb139f4174bc913c9975bd27c6d0b304a50694c1566817a1cf
TransferGeneratorTransfer,6b2f8deecd6f95a38d66dd4ededed882b156c2f99e235deeaf87a4e9c1a8d703
TransferGeneratorContentTransfer,51bd33f51f7d22da97b2c940d573acba8e7afa47e84c9f5552aeae05c9e1f537
TransferHashTransfer,9f6c2ed84c3db81d394dee94af03388c31483eef6fa7d367fdc5487a6d88e40b
TransferGeneratorBulkTransfer,a0f33353da9725bb6e38e306c9ad8f7454aaa648d2821130406de43b8632ad67
ValidatorTransfer,ec88c3635d5173ead19a291b626dadf3f675200314147938a2bffdb1b7df1b78
ValidatorMessageTransfer,e579192f13bf4cdc9fab844dbefaf8a6a8246ad05f893d9723328870ffc974c3
FileReaderProgressTransfer,7ec9bb1a892f0594535cca1709515f465aadb15ea2dac393256ae75a201db404
DefinitionGeneratorTransfer,b54540b65d2766439be5cf0a7566580b78e1241134289c28ba30a7f56be0d8f5
DefinitionGeneratorContentTransfer,4ef671b1a35f0cde54246d2cf8e7b0feaa3faa25352e44abd3d504a6d6d48e17
DefinitionBuilderTransfer,d5899c829de6422e636803b720f68fb7dc79165cf13e4611b7d33951bc7e0a94
DefinitionFilesystemTransfer,6726bd810cc3c76c8c2f5791f883b27bab9ac4aebcf4c7d094f814527442f0dd
TemplateTransfer,5f95485e1bf24759188a0fc318f8bc8aa24c7b35cc4d47d21e39baf7eed01179
